Scenario,MissedDose,Cmax,Cmin,AUC
0,4,107.865880061291,5.37035834071845,956.728631722423
m/5,4,111.730299393173,2.7456898542285,1346.58330971929
2m/5,4,119.320673130979,1.40392818364246,1607.18193998709
3m/5,4,134.320504430127,0.71793155595522,1738.12688139059
4m/5,4,164.124258236723,0.36716205442601,1802.25004569507
m,4,207.534452069174,0.187783789283647,1840.5789248292
