Scenario,MissedDose,Cmax,Cmin,AUC
0,5,107.865880061291,5.3705788361948,956.729986698822
m/5,5,111.730255129537,2.74580281384102,1346.47528042766
2m/5,5,119.320559020297,1.40398599343176,1605.1354050668
3m/5,5,134.320713266073,0.717961140199691,1738.08479140134
4m/5,5,164.124264494697,0.367177198390937,1805.33442119445
m,5,207.525397870753,0.187791542792315,1840.57742505284
